{"stats":{"minecraft:mined":{"tconstruct:faucet":3,"tconstruct:tinker_station":1,"tconstruct:seared_bricks":1,"minecraft:jungle_log":1,"minecraft:glowstone":4,"tconstruct:part_builder":1,"tconstruct:tinkers_anvil":1,"minecraft:torch":7,"minecraft:nether_quartz_ore":8,"minecraft:cobblestone":25,"minecraft:wall_torch":32,"minecraft:dirt":6,"tconstruct:crafting_station":1,"tconstruct:seared_heater":2,"minecraft:dispenser":1,"minecraft:diamond_ore":7,"minecraft:dark_oak_log":13,"minecraft:stone_button":1,"minecraft:jungle_planks":5,"create:encased_fan":1,"minecraft:redstone_ore":59,"create:shaft":1,"minecraft:andesite":1,"tconstruct:casting_basin":2,"create:windmill_bearing":2,"minecraft:cobblestone_slab":45,"tconstruct:casting_table":3,"bloodmagic:blankrune":29,"minecraft:stone":3006,"create:granite_cobblestone":1,"minecraft:emerald_ore":4,"tconstruct:melter":1,"minecraft:dropper":2,"minecraft:lapis_ore":26,"bloodmagic:altar":2,"create:gearbox":9,"minecraft:grass_path":1,"create:mechanical_drill":1,"create:crushing_wheel":5,"minecraft:coal_ore":7,"quark:spruce_chest":4,"engineersdecor:small_block_breaker":1},"minecraft:killed":{"minecraft:spider":1,"minecraft:skeleton":3,"minecraft:zombie":3,"minecraft:bat":1},"minecraft:picked_up":{"pamhc2crops:cucumberseeditem":1,"minecraft:wheat":5,"pamhc2crops:elderberryitem":48,"create:dolomite_cobblestone":75,"create:mechanical_crafter":19,"pamhc2crops:cucumberitem":19,"pamhc2crops:kohlrabiseeditem":1,"create:limestone_cobblestone":68,"minecraft:string":15,"pamhc2crops:elderberryseeditem":3,"bloodmagic:altar":3,"bloodmagic:daggerofsacrifice":1,"minecraft:beetroot":3,"pamhc2crops:blackberryseeditem":2,"minecraft:gold_nugget":1,"minecraft:cobblestone_slab":86,"farmersdelight:cabbage_seeds":4,"minecraft:diamond_ore":57,"pamhc2crops:cornseeditem":1,"minecraft:stick":2,"pamhc2crops:cottonseeditem":4,"minecraft:torch":68,"minecraft:acacia_log":135,"tconstruct:kama":2,"pamhc2crops:asparagusseeditem":1,"pamhc2crops:spiceleafitem":12,"minecraft:cactus":17,"minecraft:rotten_flesh":16,"pamhc2crops:quinoaitem":12,"pamhc2crops:peanutitem":9,"create:andesite_cobblestone":150,"minecraft:cobblestone":4643,"tconstruct:seared_bricks":1,"minecraft:birch_log":112,"minecraft:jungle_log":119,"minecraft:potato":23,"minecraft:flint":14,"create:gabbro_cobblestone":91,"botania:pebble":374,"minecraft:lapis_lazuli":181,"minecraft:dirt":648,"tconstruct:faucet":3,"create:dark_scoria_cobblestone":66,"create:copper_ingot":4,"tconstruct:casting_table":3,"minecraft:bone":12,"create:copper_ore":3,"minecraft:wheat_seeds":26,"create:mechanical_drill":1,"ftbquests:book":2,"pamhc2crops:broccoliseeditem":2,"create:shaft":1,"minecraft:glowstone_dust":46,"tconstruct:mattock":1,"minecraft:bamboo":34,"tconstruct:seared_cobble":72,"tconstruct:casting_basin":2,"patchouli:guide_book":1,"minecraft:dropper":2,"minecraft:jungle_planks":6,"minecraft:sand":128,"pamhc2crops:quinoaseeditem":4,"minecraft:dark_oak_log":107,"pamhc2crops:artichokeseeditem":1,"pamhc2crops:kaleseeditem":1,"pamhc2crops:tealeafseeditem":3,"pamhc2crops:spiceleafseeditem":1,"minecraft:dispenser":1,"minecraft:clay":14,"minecraft:diamond":8,"minecraft:granite":10,"pamhc2crops:waterchestnutitem":5,"pamhc2crops:peanutseeditem":1,"pamhc2crops:bellpepperseeditem":2,"pamhc2crops:parsnipseeditem":1,"minecraft:emerald":5,"create:crushed_copper_ore":3,"tconstruct:crafting_station":1,"pamhc2crops:sweetpotatoseeditem":1,"engineersdecor:small_block_breaker":1,"minecraft:clay_ball":1,"tconstruct:tinkers_anvil":1,"tconstruct:sword":2,"pamhc2crops:parsnipitem":26,"pamhc2crops:soybeanseeditem":5,"create:scoria_cobblestone":67,"quark:spruce_chest":3,"create:zinc_ore":11,"minecraft:iron_nugget":40,"minecraft:sugar_cane":14,"pamhc2crops:leekseeditem":1,"pamhc2crops:ryeseeditem":1,"dankstorage:dank_2":2,"tconstruct:pickaxe":2,"tconstruct:melter":1,"create:windmill_bearing":2,"minecraft:stone_button":1,"minecraft:redstone":269,"minecraft:carrot":46,"create:vertical_gearbox":3,"minecraft:dark_oak_planks":1,"minecraft:arrow":10,"pamhc2crops:rutabagaseeditem":1,"minecraft:beetroot_seeds":5,"pamhc2crops:candleberryseeditem":1,"tconstruct:tinker_station":1,"pamhc2crops:rutabagaitem":26,"pamhc2crops:waterchestnutseeditem":1,"bloodmagic:blankrune":29,"pamhc2crops:artichokeitem":25,"minecraft:emerald_ore":29,"minecraft:lapis_ore":201,"tconstruct:part_builder":1,"create:weathered_limestone_cobblestone":75,"pamhc2crops:scallionseeditem":2,"minecraft:oak_log":95,"create:andesite_alloy":7,"pamhc2crops:juteitem":11,"minecraft:gunpowder":15,"create:copper_nugget":42,"pamhc2crops:leekitem":37,"tconstruct:seared_brick":1,"create:crushing_wheel":7,"tconstruct:seared_heater":2,"minecraft:kelp":15,"simplemagnets:basicmagnet":1,"minecraft:iron_ore":396,"pamhc2crops:asparagusitem":6,"bloodmagic:sacrificialdagger":2,"create:diorite_cobblestone":108,"minecraft:nether_quartz_ore":6,"minecraft:sweet_berries":10,"create:granite_cobblestone":106,"minecraft:quartz":13,"minecraft:gravel":128,"pamhc2crops:juteseeditem":1,"minecraft:spruce_log":152,"minecraft:gold_ore":331,"minecraft:spider_eye":1,"create:gearbox":6,"minecraft:pumpkin_seeds":17,"minecraft:coal_ore":553,"bloodmagic:reinforcedslate":7,"create:encased_fan":1,"minecraft:redstone_ore":185,"tconstruct:pattern":9,"minecraft:melon_seeds":13,"minecraft:coal":33},"minecraft:crafted":{"minecraft:oak_planks":8,"minecraft:cobblestone_slab":12,"minecraft:barrel":1,"tconstruct:faucet":2,"create:andesite_casing":4,"minecraft:stone":79,"tconstruct:tool_binding":3,"minecraft:granite":72,"create:vertical_gearbox":2,"minecraft:hopper":1,"minecraft:glass":62,"engineersdecor:metal_bar":12,"tconstruct:seared_brick":32,"minecraft:chest":4,"tconstruct:small_axe_head":1,"tconstruct:pickaxe_head":4,"create:cogwheel":16,"tconstruct:tough_handle":1,"tconstruct:melter":1,"create:turntable":1,"tconstruct:seared_window":1,"minecraft:emerald":2,"minecraft:crafting_table":2,"minecraft:spruce_planks":120,"tconstruct:seared_tank":1,"tconstruct:tool_handle":6,"minecraft:gold_block":1,"minecraft:birch_planks":32,"bloodmagic:altar":1,"tconstruct:seared_stone":43,"create:gearbox":2,"tconstruct:sword":2,"minecraft:stick":104,"quark:oak_chest":3,"engineersdecor:small_tree_cutter":1,"minecraft:iron_ingot":78,"minecraft:iron_block":2,"minecraft:gold_ingot":70,"bloodmagic:blankrune":1,"tconstruct:seared_bricks":4,"tconstruct:vein_hammer":1,"tconstruct:large_plate":1,"tconstruct:pickaxe":17,"tconstruct:pattern":18,"minecraft:coal":386,"tconstruct:part_builder":1,"minecraft:iron_nugget":36,"create:copper_ingot":4,"minecraft:furnace":3,"tconstruct:kama":1,"minecraft:flint_and_steel":1,"tconstruct:tinker_station":1,"minecraft:diamond":5,"tconstruct:casting_table":1,"tconstruct:casting_basin":1,"engineersdecor:small_block_breaker":1,"minecraft:spruce_slab":6,"tconstruct:seared_gauge":1,"minecraft:redstone_block":3,"minecraft:dark_oak_planks":44,"create:windmill_bearing":1,"dankstorage:dank_1":1,"minecraft:observer":2,"dankstorage:dank_2":1,"create:andesite_alloy":1,"create:sail_frame":8,"tconstruct:tinkers_anvil":1,"minecraft:bucket":2,"tconstruct:hammer_head":1,"minecraft:glowstone":11,"tconstruct:seared_drain":2,"minecraft:bread":1,"minecraft:air":0,"minecraft:jungle_planks":20,"tconstruct:seared_heater":1,"tconstruct:sword_blade":2,"minecraft:cobblestone":28,"tconstruct:crafting_station":1,"create:mechanical_crafter":8,"minecraft:stonecutter":1,"create:shaft":8,"minecraft:andesite":36,"minecraft:acacia_planks":56,"minecraft:torch":96,"minecraft:lapis_lazuli":17,"tconstruct:mattock":2},"minecraft:killed_by":{"minecraft:skeleton":2},"minecraft:used":{"minecraft:beetroot":3,"create:deployer":1,"bloodmagic:blankrune":57,"pamhc2crops:cucumberseeditem":1,"minecraft:dispenser":1,"minecraft:chest":4,"minecraft:stone":5,"pamhc2crops:peanutseeditem":1,"pamhc2crops:elderberryseeditem":1,"pamhc2crops:juteseeditem":1,"pamhc2crops:parsnipitem":18,"create:cogwheel":1,"minecraft:jungle_planks":5,"tconstruct:casting_table":4,"create:mechanical_crafter":21,"pamhc2crops:asparagusseeditem":1,"minecraft:lava_bucket":14,"pamhc2crops:spiceleafitem":10,"minecraft:coal_ore":7,"pamhc2crops:peanutitem":13,"pamhc2crops:quinoaitem":6,"tconstruct:tinkers_anvil":2,"create:shaft":2,"minecraft:furnace":13,"create:mechanical_drill":2,"minecraft:beetroot_seeds":5,"tconstruct:smeltery_controller":1,"pamhc2crops:juteitem":5,"tconstruct:melter":1,"pamhc2crops:rutabagaitem":15,"minecraft:emerald_ore":4,"minecraft:dropper":2,"create:crushing_wheel":7,"minecraft:stone_pickaxe":3,"pamhc2crops:asparagusitem":18,"minecraft:wooden_pickaxe":5,"pamhc2crops:elderberryitem":51,"bloodmagic:masterritualstone":2,"pamhc2crops:spiceleafseeditem":1,"pamhc2crops:leekseeditem":1,"pamhc2crops:soybeanseeditem":1,"pamhc2crops:artichokeseeditem":1,"minecraft:dark_oak_log":25,"minecraft:bread":1,"minecraft:stone_button":1,"minecraft:diamond_ore":7,"corail_woodcutter:gray_stained_woodcutter":1,"tconstruct:casting_basin":3,"bloodmagic:altar":3,"tconstruct:seared_window":1,"tconstruct:crafting_station":2,"pamhc2crops:waterchestnutseeditem":1,"create:vertical_gearbox":3,"minecraft:flint_and_steel":1,"minecraft:redstone_ore":57,"engineersdecor:small_block_breaker":2,"pamhc2crops:artichokeitem":24,"minecraft:torch":91,"tconstruct:seared_drain":2,"minecraft:dirt":87,"minecraft:hopper":1,"tconstruct:faucet":5,"tconstruct:seared_bricks":29,"create:mechanical_plough":1,"tconstruct:seared_heater":2,"create:chute":2,"pamhc2crops:quinoaseeditem":1,"quark:spruce_chest":4,"create:wrench":4,"create:gearbox":8,"minecraft:jungle_log":8,"tconstruct:tinker_station":2,"create:creative_motor":1,"minecraft:glowstone":9,"bloodmagic:ritualdiviner":8,"tconstruct:part_builder":2,"pamhc2crops:rutabagaseeditem":1,"tconstruct:kama":88,"minecraft:wheat_seeds":5,"minecraft:water_bucket":9,"tconstruct:seared_tank":1,"minecraft:stonecutter":1,"pamhc2crops:parsnipseeditem":1,"minecraft:cobblestone_slab":107,"create:encased_fan":2,"create:brass_funnel":1,"minecraft:crafting_table":1,"create:granite_cobblestone":1,"create:sail_frame":8,"minecraft:bat_spawn_egg":1,"minecraft:diamond_pickaxe":53,"create:windmill_bearing":3,"minecraft:lapis_ore":25,"minecraft:spruce_trapdoor":5,"pamhc2crops:leekitem":16,"minecraft:cobblestone":71,"minecraft:potion":1,"minecraft:bucket":31,"quark:oak_chest":2,"pamhc2crops:cucumberitem":20,"minecraft:splash_potion":3},"minecraft:custom":{"minecraft:interact_with_crafting_table":3,"minecraft:leave_game":46,"minecraft:time_since_death":140938,"minecraft:sprint_one_cm":466838,"minecraft:drop":646,"minecraft:deaths":2,"minecraft:jump":565,"minecraft:walk_on_water_one_cm":13485,"minecraft:interact_with_furnace":226,"minecraft:play_one_minute":2597926,"minecraft:damage_dealt":9974,"minecraft:crouch_one_cm":2424,"minecraft:inspect_dispenser":3,"minecraft:inspect_dropper":13,"minecraft:mob_kills":51,"minecraft:walk_one_cm":1490665,"minecraft:sneak_time":2379,"minecraft:walk_under_water_one_cm":271,"minecraft:interact_with_stonecutter":18,"minecraft:time_since_rest":193287,"minecraft:damage_taken":880,"minecraft:fly_one_cm":21177,"minecraft:open_chest":474,"minecraft:fall_one_cm":4170},"minecraft:dropped":{"minecraft:gold_ore":1,"minecraft:oak_log":5,"create:andesite_cobblestone":5,"minecraft:dirt":858,"minecraft:dark_oak_log":1,"ftbquests:book":1,"minecraft:gravel":128,"tconstruct:pickaxe":1,"tconstruct:seared_cobble":22,"minecraft:carrot":10,"minecraft:iron_ore":1,"create:crushed_copper_ore":6,"dankstorage:dank_2":1,"minecraft:cobblestone":1657,"minecraft:torch":64,"bloodmagic:altar":1,"minecraft:redstone_ore":1,"botania:pebble":62}},"DataVersion":2586}