{"uuid":"7e9bf1c04d1947c1b304f7d151cfa7d3","name":"Naszos","color":"#B059FF","groups":{},"allies":[],"block_edit_mode":"allies","block_interact_mode":"allies","minimap_mode":"allies","location_mode":"allies","extra_claim_chunks":0,"extra_force_load_chunks":0,"chunk_load_offline":true,"chunks":{"minecraft:overworld":[{"x":0,"z":0,"time":"2021-05-18T18:15:16.076Z"},{"x":1,"z":1,"time":"2021-05-18T18:15:16.076Z"},{"x":0,"z":1,"time":"2021-05-18T18:15:16.076Z"},{"x":1,"z":2,"time":"2021-05-18T18:15:16.076Z"},{"x":0,"z":2,"time":"2021-05-18T18:15:16.076Z"},{"x":1,"z":0,"time":"2021-05-18T18:15:16.076Z"}]}}